{
  "mode": "history",
  "domain": "https://www.chameleon.com",
  "routes":[
    {
      "url": "/cml/h5/index",
      "path": "/pages/index/index",
      "name": "首页",
      "mock": "index.php"
    },
    {
      "url": "/cml/h5/list",
      "path": "/pages/list/list",
      "name": "列表",
      "mock": "index.php"
    },
    {
      "url": "/cml/h5/detail",
      "path": "/pages/detail/detail",
      "name": "详情页",
      "mock": "index.php"
    },
    {
      "url": "/cml/h5/map",
      "path": "/pages/map/map",
      "name": "地图",
      "mock": "index.php"
    }
  ]
}
